"DESCRIPTION","DURATION IN MS","NAME","PARENT SUITE","START TIME","STATUS","STOP TIME","SUB SUITE","SUITE","TEST CLASS","TEST METHOD"
"","114",".parent() - get parent DOM element from DOM elements","Traversal","2026-08-31","passed","2026-08-31","","","",""
"","273","can filter for uncompleted tasks","example to-do app","2026-08-31","passed","2026-08-31","","with a checked task","",""
"","126",".find() - get descendant DOM elements of the selector","Traversal","2026-08-31","passed","2026-08-31","","","",""
"","112","can throw any error","Assertions","2026-08-31","passed","2026-08-31","","Explicit Assertions","",""
"","106","Control what is printed to the Command Log","Cypress APIs","2026-08-31","passed","2026-08-31","","Cypress.log","",""
"","111",".prevAll() - get all previous sibling DOM elements","Traversal","2026-08-31","passed","2026-08-31","","","",""
"","846",".select() - select an option in a <select> element","Actions","2026-08-31","passed","2026-08-31","","","",""
"","116",".parentsUntil() - get parent DOM elements from DOM elements until el","Traversal","2026-08-31","passed","2026-08-31","","","",""
"","18","cy.stub() matches depending on arguments","Spies, Stubs, and Clock","2026-08-31","passed","2026-08-31","","","",""
"","306","cy.hash() - get the current URL hash","Location","2026-08-31","passed","2026-08-31","","","",""
"","261","cy.window() - get the global window object","Window","2026-08-31","passed","2026-08-31","","","",""
"","137",".debug() - enable or disable debugging","Cypress APIs","2026-08-31","passed","2026-08-31","","Cypress.Cookies","",""
"","467","cy.reload() - reload the page","Navigation","2026-08-31","passed","2026-08-31","","","",""
"","105",".invoke() - invoke a function on the current subject","Connectors","2026-08-31","passed","2026-08-31","","","",""
"","265","cy.tick() - move time in the browser","Spies, Stubs, and Clock","2026-08-31","passed","2026-08-31","","","",""
"","600","cy.intercept() - route responses to matching requests","Network Requests","2026-08-31","passed","2026-08-31","","","",""
"","116","finds element by class name regex","Assertions","2026-08-31","passed","2026-08-31","","Explicit Assertions","",""
"","112","cy.document() - get the document object","Window","2026-08-31","passed","2026-08-31","","","",""
"","284","can delete all completed tasks","example to-do app","2026-08-31","passed","2026-08-31","","with a checked task","",""
"","296","cy.getCookies() - get browser cookies for the current domain","Cookies","2026-08-31","passed","2026-08-31","","","",""
"","117",".nextAll() - get all next sibling DOM elements","Traversal","2026-08-31","passed","2026-08-31","","","",""
"","431","cy.request() - save response in the shared test context","Network Requests","2026-08-31","passed","2026-08-31","","","",""
"","124","expect - make an assertion about a specified subject","Assertions","2026-08-31","passed","2026-08-31","","Explicit Assertions","",""
"","109","invokes a callback function with the current subject","Connectors","2026-08-31","passed","2026-08-31","",".then()","",""
"","120","cy.location() - get window.location","Location","2026-08-31","passed","2026-08-31","","","",""
"","1012","cy.go() - go back or forward in the browser's history","Navigation","2026-08-31","passed","2026-08-31","","","",""
"","120",".last() - get last DOM element","Traversal","2026-08-31","passed","2026-08-31","","","",""
"","296",".add() - create a custom command","Cypress APIs","2026-08-31","passed","2026-08-31","","Cypress.Commands","",""
"","1621","retries the should callback until assertions pass","Assertions","2026-08-31","passed","2026-08-31","","Explicit Assertions","",""
"","113",".prevUntil() - get all previous sibling DOM elements until el","Traversal","2026-08-31","passed","2026-08-31","","","",""
"","3665",".type() - type into a DOM element","Actions","2026-08-31","passed","2026-08-31","","","",""
"","125","Get and set configuration options","Cypress APIs","2026-08-31","passed","2026-08-31","","Cypress.config()","",""
"","202","cy.clearCookies() - clear browser cookies for the current domain","Cookies","2026-08-31","passed","2026-08-31","","","",""
"","187","cy.clearAllSessionStorage() - clear all data in sessionStorage for all origins","Local Storage / Session Storage","2026-08-31","passed","2026-08-31","","","",""
"","201","Cypress.$ - call a jQuery method","Utilities","2026-08-31","passed","2026-08-31","","","",""
"","111","assert - assert shape of an object","Assertions","2026-08-31","passed","2026-08-31","","Explicit Assertions","",""
"","677","cy.request() - make an XHR request","Network Requests","2026-08-31","passed","2026-08-31","","","",""
"","533",".as() - alias a DOM element for later use","Aliasing","2026-08-31","passed","2026-08-31","","","",""
"","541","cy.clearLocalStorage() - clear all data in localStorage for the current origin","Local Storage / Session Storage","2026-08-31","passed","2026-08-31","","","",""
"","112","Get CPU architecture name of underlying OS","Cypress APIs","2026-08-31","passed","2026-08-31","","Cypress.arch","",""
"","168","cy.getAllCookies() - get all browser cookies","Cookies","2026-08-31","passed","2026-08-31","","","",""
"","390","cy.visit() - visit a remote url","Navigation","2026-08-31","passed","2026-08-31","","","",""
"","111","cy.stub() - create a stub and/or replace a function with stub","Spies, Stubs, and Clock","2026-08-31","passed","2026-08-31","","","",""
"","279","cy.spy() - wrap a method in a spy","Spies, Stubs, and Clock","2026-08-31","passed","2026-08-31","","","",""
"","117",".prev() - get previous sibling DOM element","Traversal","2026-08-31","passed","2026-08-31","","","",""
"","330","cy.wait() - wait for a specific route","Waiting","2026-08-31","passed","2026-08-31","","","",""
"","122","pass your own callback function to should()","Assertions","2026-08-31","passed","2026-08-31","","Explicit Assertions","",""
"","118","cy.fixture() or require - load a fixture","Files","2026-08-31","passed","2026-08-31","","","",""
"","388",".submit() - submit a form","Actions","2026-08-31","passed","2026-08-31","","","",""
"","323",".should() - make an assertion about the current subject","Assertions","2026-08-31","passed","2026-08-31","","Implicit Assertions","",""
"","2145","cy.scrollTo() - scroll the window or element to a position","Actions","2026-08-31","passed","2026-08-31","","","",""
"","2528","cy.spy() retries until assertions pass","Spies, Stubs, and Clock","2026-08-31","passed","2026-08-31","","","",""
"","319","cy.get() - query DOM elements","Querying","2026-08-31","passed","2026-08-31","","","",""
"","412","can add new todo items","example to-do app","2026-08-31","passed","2026-08-31","","","",""
"","850","cy.screenshot() - take a screenshot","Misc","2026-08-31","passed","2026-08-31","","Cypress.Screenshot","",""
"","105",".spread() - spread an array as individual args to callback function","Connectors","2026-08-31","passed","2026-08-31","","","",""
"","98","yields the returned value to the next command","Connectors","2026-08-31","passed","2026-08-31","",".then()","",""
"","1107","Cypress.Promise - instantiate a bluebird promise","Utilities","2026-08-31","passed","2026-08-31","","","",""
"","764",".uncheck() - uncheck a checkbox element","Actions","2026-08-31","passed","2026-08-31","","","",""
"","140",".scrollIntoView() - scroll an element into view","Actions","2026-08-31","passed","2026-08-31","","","",""
"","24","matches call arguments using Sinon matchers","Spies, Stubs, and Clock","2026-08-31","passed","2026-08-31","","","",""
"","116",".within() - query DOM elements within a specific element","Querying","2026-08-31","passed","2026-08-31","","","",""
"","777",".check() - check a checkbox or radio element","Actions","2026-08-31","passed","2026-08-31","","","",""
"","113","cy.wrap() - wrap an object","Misc","2026-08-31","passed","2026-08-31","","","",""
"","97","yields the original subject without return","Connectors","2026-08-31","passed","2026-08-31","",".then()","",""
"","612","best practices - selecting elements","Querying","2026-08-31","passed","2026-08-31","","","",""
"","308",".each() - iterate over an array of elements","Connectors","2026-08-31","passed","2026-08-31","","","",""
"","302",".children() - get child DOM elements","Traversal","2026-08-31","passed","2026-08-31","","","",""
"","1847",".click() - click on a DOM element","Actions","2026-08-31","passed","2026-08-31","","","",""
"","114",".nextUntil() - get next sibling DOM elements until next el","Traversal","2026-08-31","passed","2026-08-31","","","",""
"","201","cy.clock() - control time in the browser","Spies, Stubs, and Clock","2026-08-31","passed","2026-08-31","","","",""
"","131","cy.setCookie() - set a browser cookie","Cookies","2026-08-31","passed","2026-08-31","","","",""
"","204","can check off an item as completed","example to-do app","2026-08-31","passed","2026-08-31","","","",""
"","109","Get environment variables","Cypress APIs","2026-08-31","passed","2026-08-31","","Cypress.env()","",""
"","122","Get current spec information","Cypress APIs","2026-08-31","passed","2026-08-31","","Cypress.spec","",""
"","751",".as() - alias a route for later use","Aliasing","2026-08-31","passed","2026-08-31","","","",""
"","118",".first() - get first DOM element","Traversal","2026-08-31","passed","2026-08-31","","","",""
"","357","Cypress.Blob - blob utilities and base64 string conversion","Utilities","2026-08-31","passed","2026-08-31","","","",""
"","189","cy.getAllSessionStorage() - get all data in sessionStorage for all origins","Local Storage / Session Storage","2026-08-31","passed","2026-08-31","","","",""
"","196",".and() - chain multiple assertions together","Assertions","2026-08-31","passed","2026-08-31","","Implicit Assertions","",""
"","110","cy.root() - query the root DOM element","Querying","2026-08-31","passed","2026-08-31","","","",""
"","95","yields the value yielded by the last Cypress command inside","Connectors","2026-08-31","passed","2026-08-31","",".then()","",""
"","201",".rightclick() - right click on a DOM element","Actions","2026-08-31","passed","2026-08-31","","","",""
"","119",".filter() - get DOM elements that match the selector","Traversal","2026-08-31","passed","2026-08-31","","","",""
"","151",".trigger() - trigger an event on a DOM element","Actions","2026-08-31","passed","2026-08-31","","","",""
"","113","Get underlying OS name","Cypress APIs","2026-08-31","passed","2026-08-31","","Cypress.platform","",""
"","288","cy.focused() - get the DOM element that has focus","Misc","2026-08-31","passed","2026-08-31","","","",""
"","490",".clear() - clears an input or textarea element","Actions","2026-08-31","passed","2026-08-31","","","",""
"","342","cy.request() - verify response using BDD syntax","Network Requests","2026-08-31","passed","2026-08-31","","","",""
"","889","cy.exec() - execute a system command","Misc","2026-08-31","passed","2026-08-31","","","",""
"","4466","cy.wait() - wait for a specific amount of time","Waiting","2026-08-31","passed","2026-08-31","","","",""
"","522","displays two todo items by default","example to-do app","2026-08-31","passed","2026-08-31","","","",""
"","210","cy.clearCookie() - clear a browser cookie","Cookies","2026-08-31","passed","2026-08-31","","","",""
"","189","cy.getAllLocalStorage() - get all data in localStorage for all origins","Local Storage / Session Storage","2026-08-31","passed","2026-08-31","","","",""
"","116",".eq() - get a DOM element at a specific index","Traversal","2026-08-31","passed","2026-08-31","","","",""
"","132","cy.clearAllCookies() - clear all browser cookies","Cookies","2026-08-31","passed","2026-08-31","","","",""
"","298","cy.writeFile() - write to a file","Files","2026-08-31","passed","2026-08-31","","","",""
"","127","cy.readFile() - read file contents","Files","2026-08-31","passed","2026-08-31","","","",""
"","101","cy.url() - get the current URL","Location","2026-08-31","passed","2026-08-31","","","",""
"","115",".siblings() - get all sibling DOM elements","Traversal","2026-08-31","passed","2026-08-31","","","",""
"","113",".not() - remove DOM elements from set of DOM elements","Traversal","2026-08-31","passed","2026-08-31","","","",""
"","414","cy.getCookie() - get a browser cookie","Cookies","2026-08-31","passed","2026-08-31","","","",""
"","2858","cy.viewport() - set the viewport size and dimension","Viewport","2026-08-31","passed","2026-08-31","","","",""
"","111",".isHidden() - determine if a DOM element is hidden","Cypress APIs","2026-08-31","passed","2026-08-31","","Cypress.dom","",""
"","402",".blur() - blur off a DOM element","Actions","2026-08-31","passed","2026-08-31","","","",""
"","108","Cypress.minimatch - test out glob patterns against strings","Utilities","2026-08-31","passed","2026-08-31","","","",""
"","188","cy.clearAllLocalStorage() - clear all data in localStorage for all origins","Local Storage / Session Storage","2026-08-31","passed","2026-08-31","","","",""
"","389","cy.fixture() - load a fixture","Files","2026-08-31","passed","2026-08-31","","","",""
"","111","Cypress.Screenshot.defaults() - change default config of screenshots","Misc","2026-08-31","passed","2026-08-31","","Cypress.Screenshot","",""
"","118",".parents() - get parent DOM elements from DOM elements","Traversal","2026-08-31","passed","2026-08-31","","","",""
"","134","cy.contains() - query DOM elements with matching content","Querying","2026-08-31","passed","2026-08-31","","","",""
"","125",".closest() - get closest ancestor DOM element","Traversal","2026-08-31","passed","2026-08-31","","","",""
"","117","matches unknown text between two elements","Assertions","2026-08-31","passed","2026-08-31","","Explicit Assertions","",""
"","106","cy.title() - get the title","Window","2026-08-31","passed","2026-08-31","","","",""
"","274","cy.request() with query parameters","Network Requests","2026-08-31","passed","2026-08-31","","","",""
"","434","cy.request() - pass result to the second request","Network Requests","2026-08-31","passed","2026-08-31","","","",""
"","155",".focus() - focus on a DOM element","Actions","2026-08-31","passed","2026-08-31","","","",""
"","112","Get current version of Cypress being run","Cypress APIs","2026-08-31","passed","2026-08-31","","Cypress.version","",""
"","272","can filter for completed tasks","example to-do app","2026-08-31","passed","2026-08-31","","with a checked task","",""
"","199",".dblclick() - double click on a DOM element","Actions","2026-08-31","passed","2026-08-31","","","",""
"","453","Cypress._ - call a lodash method","Utilities","2026-08-31","passed","2026-08-31","","","",""
"","121",".next() - get next sibling DOM element","Traversal","2026-08-31","passed","2026-08-31","","","",""
"","194",".its() - get properties on the current subject","Connectors","2026-08-31","passed","2026-08-31","","","",""
